name,Var2,zstep_source
Promoter_RNA_SCR_3color_LiveSR_Zstack_On_001.mat,300,BRD4_label_z
Promoter_RNA_SCR_3color_LiveSR_Zstack_On_002.mat,300,BRD4_label_z
Promoter_RNA_SCR_3color_LiveSR_Zstack_On_003.mat,300,BRD4_label_z
Promoter_RNA_SCR_3color_LiveSR_Zstack_On_004.mat,300,OCT4_label_z
Promoter_RNA_SCR_3color_LiveSR_Zstack_On_005.mat,300,OCT4_label_z
Promoter_RNA_SCR_3color_LiveSR_Zstack_On_006.mat,300,OCT4_label_z
Promoter_RNA_SCR_3color_LiveSR_Zstack_On_007.mat,300,OCT4_label_z
Promoter_RNA_SCR_3color_LiveSR_Zstack_On_008.mat,300,OCT4_label_z
Promoter_RNA_SCR_3color_LiveSR_Zstack_On_009.mat,300,OCT4_label_z
Promoter_RNA_SCR_3color_LiveSR_Zstack_On_010.mat,300,OCT4_label_z
Promoter_RNA_SCR_3color_LiveSR_Zstack_On_011.mat,300,OCT4_label_z
Promoter_RNA_SCR_3color_LiveSR_Zstack_On_012.mat,300,OCT4_label_z
Promoter_RNA_SCR_3color_LiveSR_Zstack_On_013.mat,300,OCT4_label_z
Promoter_RNA_SCR_3color_LiveSR_Zstack_On_014.mat,300,OCT4_label_z
Promoter_RNA_SCR_3color_LiveSR_Zstack_On_015.mat,300,OCT4_label_z
Promoter_RNA_SCR_3color_LiveSR_Zstack_On_016.mat,300,OCT4_label_z
Promoter_RNA_SCR_3color_LiveSR_Zstack_On_017.mat,300,OCT4_label_z
Promoter_RNA_SCR_3color_LiveSR_Zstack_On_018.mat,300,OCT4_label_z
Promoter_RNA_SCR_3color_LiveSR_Zstack_On_019.mat,300,OCT4_label_z
Promoter_RNA_SCR_3color_LiveSR_Zstack_On_020.mat,300,OCT4_label_z
Promoter_RNA_SCR_3color_LiveSR_Zstack_On_021.mat,300,OCT4_label_z
Promoter_RNA_SCR_3color_LiveSR_Zstack_On_022.mat,300,OCT4_label_z
Promoter_RNA_SCR_3color_LiveSR_Zstack_On_023.mat,300,BRD4_label_z
Promoter_RNA_SCR_3color_LiveSR_Zstack_On_024.mat,300,BRD4_label_z
Promoter_RNA_SCR_3color_LiveSR_Zstack_On_025.mat,300,BRD4_label_z
Promoter_RNA_SCR_3color_LiveSR_Zstack_On_026.mat,300,BRD4_label_z
Promoter_RNA_SCR_3color_LiveSR_Zstack_On_027.mat,300,BRD4_label_z
Promoter_RNA_SCR_3color_LiveSR_Zstack_On_028.mat,300,BRD4_label_z
Promoter_RNA_SCR_3color_LiveSR_Zstack_On_029.mat,300,BRD4_label_z
Promoter_RNA_SCR_3color_LiveSR_Zstack_On_030.mat,200,OCT4_label_z
Promoter_RNA_SCR_3color_LiveSR_Zstack_On_031.mat,200,OCT4_label_z
Promoter_RNA_SCR_3color_LiveSR_Zstack_On_032.mat,200,OCT4_label_z
Promoter_RNA_SCR_3color_LiveSR_Zstack_On_033.mat,200,OCT4_label_z
Promoter_RNA_SCR_3color_LiveSR_Zstack_On_034.mat,200,OCT4_label_z
Promoter_RNA_SCR_3color_LiveSR_Zstack_On_035.mat,200,OCT4_label_z
Promoter_RNA_SCR_3color_LiveSR_Zstack_On_036.mat,200,OCT4_label_z
Promoter_RNA_SCR_3color_LiveSR_Zstack_On_037.mat,200,OCT4_label_z
Promoter_RNA_SCR_3color_LiveSR_Zstack_On_038.mat,200,OCT4_label_z
Promoter_RNA_SCR_3color_LiveSR_Zstack_On_039.mat,200,OCT4_label_z
Promoter_RNA_SCR_3color_LiveSR_Zstack_On_040.mat,200,OCT4_label_z
Promoter_RNA_SCR_3color_LiveSR_Zstack_On_041.mat,200,BRD4_label_z
Promoter_RNA_SCR_3color_LiveSR_Zstack_On_042.mat,200,BRD4_label_z
Promoter_RNA_SCR_3color_LiveSR_Zstack_On_043.mat,200,BRD4_label_z
Promoter_RNA_SCR_3color_LiveSR_Zstack_On_044.mat,200,BRD4_label_z
Promoter_RNA_SCR_3color_LiveSR_Zstack_On_045.mat,200,OCT4_label_z
Promoter_RNA_SCR_3color_LiveSR_Zstack_On_046.mat,200,OCT4_label_z
Promoter_RNA_SCR_3color_LiveSR_Zstack_On_047.mat,200,OCT4_label_z
Promoter_RNA_SCR_3color_LiveSR_Zstack_On_048.mat,200,OCT4_label_z
Promoter_RNA_SCR_3color_LiveSR_Zstack_On_049.mat,200,OCT4_label_z
Promoter_RNA_SCR_3color_LiveSR_Zstack_On_050.mat,200,BRD4_label_z
Promoter_RNA_SCR_3color_LiveSR_Zstack_On_051.mat,200,BRD4_label_z
Promoter_RNA_SCR_3color_LiveSR_Zstack_On_052.mat,200,BRD4_label_z
Promoter_RNA_SCR_3color_LiveSR_Zstack_On_053.mat,200,OCT4_label_z
Promoter_RNA_SCR_3color_LiveSR_Zstack_On_054.mat,250,BRD4_label_z
Promoter_RNA_SCR_3color_LiveSR_Zstack_On_055.mat,300,BRD4_label_z
Promoter_RNA_SCR_3color_LiveSR_Zstack_On_056.mat,300,BRD4_label_z
Promoter_RNA_SCR_3color_LiveSR_Zstack_On_057.mat,300,BRD4_label_z
Promoter_RNA_SCR_3color_LiveSR_Zstack_On_058.mat,300,BRD4_label_z
Promoter_RNA_SCR_3color_LiveSR_Zstack_On_059.mat,300,BRD4_label_z
Promoter_RNA_SCR_3color_LiveSR_Zstack_On_060.mat,300,BRD4_label_z
Promoter_RNA_SCR_3color_LiveSR_Zstack_On_061.mat,300,BRD4_label_z
Promoter_RNA_SCR_3color_LiveSR_Zstack_On_062.mat,250,BRD4_label_z
Promoter_RNA_SCR_3color_LiveSR_Zstack_On_063.mat,250,BRD4_label_z
Promoter_RNA_SCR_3color_LiveSR_Zstack_On_064.mat,250,BRD4_label_z
Promoter_RNA_SCR_3color_LiveSR_Zstack_On_065.mat,250,BRD4_label_z
Promoter_RNA_SCR_3color_LiveSR_Zstack_On_066.mat,250,BRD4_label_z
Promoter_RNA_SCR_3color_LiveSR_Zstack_On_067.mat,250,BRD4_label_z
Promoter_RNA_SCR_3color_LiveSR_Zstack_On_068.mat,250,BRD4_label_z
Promoter_RNA_SCR_3color_LiveSR_Zstack_On_069.mat,250,BRD4_label_z
Promoter_RNA_SCR_3color_LiveSR_Zstack_On_070.mat,300,default_300nm
Promoter_RNA_SCR_3color_LiveSR_Zstack_On_071.mat,300,default_300nm
Promoter_RNA_SCR_3color_LiveSR_Zstack_On_072.mat,300,default_300nm
Promoter_RNA_SCR_3color_LiveSR_Zstack_On_073.mat,300,default_300nm
Promoter_RNA_SCR_3color_LiveSR_Zstack_On_074.mat,300,default_300nm
Promoter_RNA_SCR_3color_LiveSR_Zstack_On_075.mat,300,default_300nm
Promoter_RNA_SCR_3color_LiveSR_Zstack_On_076.mat,300,default_300nm
Promoter_RNA_SCR_3color_LiveSR_Zstack_On_077.mat,300,default_300nm
Promoter_RNA_SCR_3color_LiveSR_Zstack_On_078.mat,300,default_300nm
Promoter_RNA_SCR_3color_LiveSR_Zstack_On_079.mat,300,default_300nm
Promoter_RNA_SCR_3color_LiveSR_Zstack_On_080.mat,300,default_300nm
Promoter_RNA_SCR_3color_LiveSR_Zstack_On_081.mat,300,default_300nm
Promoter_RNA_SCR_3color_LiveSR_Zstack_On_082.mat,300,default_300nm
Promoter_RNA_SCR_3color_LiveSR_Zstack_On_083.mat,300,default_300nm
Promoter_RNA_SCR_3color_LiveSR_Zstack_On_084.mat,300,default_300nm
Promoter_RNA_SCR_3color_LiveSR_Zstack_On_085.mat,300,default_300nm
Promoter_RNA_SCR_3color_LiveSR_Zstack_On_086.mat,300,default_300nm
Promoter_RNA_SCR_3color_LiveSR_Zstack_On_087.mat,300,default_300nm
Promoter_RNA_SCR_3color_LiveSR_Zstack_On_088.mat,300,default_300nm
Promoter_RNA_SCR_3color_LiveSR_Zstack_On_089.mat,300,default_300nm
Promoter_RNA_SCR_3color_LiveSR_Zstack_On_090.mat,300,default_300nm
Promoter_RNA_SCR_3color_LiveSR_Zstack_Off_001.mat,300,BRD4_label_z
Promoter_RNA_SCR_3color_LiveSR_Zstack_Off_002.mat,300,OCT4_label_z
Promoter_RNA_SCR_3color_LiveSR_Zstack_Off_003.mat,300,OCT4_label_z
Promoter_RNA_SCR_3color_LiveSR_Zstack_Off_004.mat,300,OCT4_label_z
Promoter_RNA_SCR_3color_LiveSR_Zstack_Off_005.mat,300,OCT4_label_z
Promoter_RNA_SCR_3color_LiveSR_Zstack_Off_006.mat,300,OCT4_label_z
Promoter_RNA_SCR_3color_LiveSR_Zstack_Off_007.mat,300,OCT4_label_z
Promoter_RNA_SCR_3color_LiveSR_Zstack_Off_008.mat,300,OCT4_label_z
Promoter_RNA_SCR_3color_LiveSR_Zstack_Off_009.mat,300,OCT4_label_z
Promoter_RNA_SCR_3color_LiveSR_Zstack_Off_010.mat,300,OCT4_label_z
Promoter_RNA_SCR_3color_LiveSR_Zstack_Off_011.mat,300,OCT4_label_z
Promoter_RNA_SCR_3color_LiveSR_Zstack_Off_012.mat,300,OCT4_label_z
Promoter_RNA_SCR_3color_LiveSR_Zstack_Off_013.mat,300,OCT4_label_z
Promoter_RNA_SCR_3color_LiveSR_Zstack_Off_014.mat,300,OCT4_label_z
Promoter_RNA_SCR_3color_LiveSR_Zstack_Off_015.mat,300,OCT4_label_z
Promoter_RNA_SCR_3color_LiveSR_Zstack_Off_016.mat,300,OCT4_label_z
Promoter_RNA_SCR_3color_LiveSR_Zstack_Off_017.mat,300,OCT4_label_z
Promoter_RNA_SCR_3color_LiveSR_Zstack_Off_018.mat,300,OCT4_label_z
Promoter_RNA_SCR_3color_LiveSR_Zstack_Off_019.mat,300,OCT4_label_z
Promoter_RNA_SCR_3color_LiveSR_Zstack_Off_020.mat,300,OCT4_label_z
Promoter_RNA_SCR_3color_LiveSR_Zstack_Off_021.mat,300,OCT4_label_z
Promoter_RNA_SCR_3color_LiveSR_Zstack_Off_022.mat,300,OCT4_label_z
Promoter_RNA_SCR_3color_LiveSR_Zstack_Off_023.mat,300,OCT4_label_z
Promoter_RNA_SCR_3color_LiveSR_Zstack_Off_024.mat,300,OCT4_label_z
Promoter_RNA_SCR_3color_LiveSR_Zstack_Off_025.mat,300,OCT4_label_z
Promoter_RNA_SCR_3color_LiveSR_Zstack_Off_026.mat,300,OCT4_label_z
Promoter_RNA_SCR_3color_LiveSR_Zstack_Off_027.mat,300,OCT4_label_z
Promoter_RNA_SCR_3color_LiveSR_Zstack_Off_028.mat,300,OCT4_label_z
Promoter_RNA_SCR_3color_LiveSR_Zstack_Off_029.mat,300,OCT4_label_z
Promoter_RNA_SCR_3color_LiveSR_Zstack_Off_030.mat,300,OCT4_label_z
Promoter_RNA_SCR_3color_LiveSR_Zstack_Off_031.mat,300,BRD4_label_z
Promoter_RNA_SCR_3color_LiveSR_Zstack_Off_032.mat,300,BRD4_label_z
Promoter_RNA_SCR_3color_LiveSR_Zstack_Off_033.mat,300,BRD4_label_z
Promoter_RNA_SCR_3color_LiveSR_Zstack_Off_034.mat,300,BRD4_label_z
Promoter_RNA_SCR_3color_LiveSR_Zstack_Off_035.mat,300,BRD4_label_z
Promoter_RNA_SCR_3color_LiveSR_Zstack_Off_036.mat,300,BRD4_label_z
Promoter_RNA_SCR_3color_LiveSR_Zstack_Off_037.mat,300,BRD4_label_z
Promoter_RNA_SCR_3color_LiveSR_Zstack_Off_038.mat,300,BRD4_label_z
Promoter_RNA_SCR_3color_LiveSR_Zstack_Off_039.mat,300,BRD4_label_z
Promoter_RNA_SCR_3color_LiveSR_Zstack_Off_040.mat,200,OCT4_label_z
Promoter_RNA_SCR_3color_LiveSR_Zstack_Off_041.mat,200,OCT4_label_z
Promoter_RNA_SCR_3color_LiveSR_Zstack_Off_042.mat,200,OCT4_label_z
Promoter_RNA_SCR_3color_LiveSR_Zstack_Off_043.mat,200,OCT4_label_z
Promoter_RNA_SCR_3color_LiveSR_Zstack_Off_044.mat,200,OCT4_label_z
Promoter_RNA_SCR_3color_LiveSR_Zstack_Off_045.mat,200,OCT4_label_z
Promoter_RNA_SCR_3color_LiveSR_Zstack_Off_046.mat,200,OCT4_label_z
Promoter_RNA_SCR_3color_LiveSR_Zstack_Off_047.mat,200,OCT4_label_z
Promoter_RNA_SCR_3color_LiveSR_Zstack_Off_048.mat,200,OCT4_label_z
Promoter_RNA_SCR_3color_LiveSR_Zstack_Off_049.mat,200,OCT4_label_z
Promoter_RNA_SCR_3color_LiveSR_Zstack_Off_050.mat,200,OCT4_label_z
Promoter_RNA_SCR_3color_LiveSR_Zstack_Off_051.mat,200,OCT4_label_z
Promoter_RNA_SCR_3color_LiveSR_Zstack_Off_052.mat,200,OCT4_label_z
Promoter_RNA_SCR_3color_LiveSR_Zstack_Off_053.mat,200,OCT4_label_z
Promoter_RNA_SCR_3color_LiveSR_Zstack_Off_054.mat,200,OCT4_label_z
Promoter_RNA_SCR_3color_LiveSR_Zstack_Off_055.mat,200,OCT4_label_z
Promoter_RNA_SCR_3color_LiveSR_Zstack_Off_056.mat,200,OCT4_label_z
Promoter_RNA_SCR_3color_LiveSR_Zstack_Off_057.mat,200,OCT4_label_z
Promoter_RNA_SCR_3color_LiveSR_Zstack_Off_058.mat,200,OCT4_label_z
Promoter_RNA_SCR_3color_LiveSR_Zstack_Off_059.mat,200,BRD4_label_z
Promoter_RNA_SCR_3color_LiveSR_Zstack_Off_060.mat,200,BRD4_label_z
Promoter_RNA_SCR_3color_LiveSR_Zstack_Off_061.mat,200,BRD4_label_z
Promoter_RNA_SCR_3color_LiveSR_Zstack_Off_062.mat,200,BRD4_label_z
Promoter_RNA_SCR_3color_LiveSR_Zstack_Off_063.mat,200,BRD4_label_z
Promoter_RNA_SCR_3color_LiveSR_Zstack_Off_064.mat,200,BRD4_label_z
Promoter_RNA_SCR_3color_LiveSR_Zstack_Off_065.mat,200,BRD4_label_z
Promoter_RNA_SCR_3color_LiveSR_Zstack_Off_066.mat,200,BRD4_label_z
Promoter_RNA_SCR_3color_LiveSR_Zstack_Off_067.mat,200,OCT4_label_z
Promoter_RNA_SCR_3color_LiveSR_Zstack_Off_068.mat,200,OCT4_label_z
Promoter_RNA_SCR_3color_LiveSR_Zstack_Off_069.mat,200,OCT4_label_z
Promoter_RNA_SCR_3color_LiveSR_Zstack_Off_070.mat,200,OCT4_label_z
Promoter_RNA_SCR_3color_LiveSR_Zstack_Off_071.mat,200,OCT4_label_z
Promoter_RNA_SCR_3color_LiveSR_Zstack_Off_072.mat,200,BRD4_label_z
Promoter_RNA_SCR_3color_LiveSR_Zstack_Off_073.mat,200,BRD4_label_z
Promoter_RNA_SCR_3color_LiveSR_Zstack_Off_074.mat,200,OCT4_label_z
Promoter_RNA_SCR_3color_LiveSR_Zstack_Off_075.mat,200,OCT4_label_z
Promoter_RNA_SCR_3color_LiveSR_Zstack_Off_076.mat,200,OCT4_label_z
Promoter_RNA_SCR_3color_LiveSR_Zstack_Off_077.mat,300,BRD4_label_z
Promoter_RNA_SCR_3color_LiveSR_Zstack_Off_078.mat,300,BRD4_label_z
Promoter_RNA_SCR_3color_LiveSR_Zstack_Off_079.mat,300,BRD4_label_z
Promoter_RNA_SCR_3color_LiveSR_Zstack_Off_080.mat,300,BRD4_label_z
Promoter_RNA_SCR_3color_LiveSR_Zstack_Off_081.mat,300,BRD4_label_z
Promoter_RNA_SCR_3color_LiveSR_Zstack_Off_082.mat,300,BRD4_label_z
Promoter_RNA_SCR_3color_LiveSR_Zstack_Off_083.mat,250,BRD4_label_z
Promoter_RNA_SCR_3color_LiveSR_Zstack_Off_084.mat,250,BRD4_label_z
Promoter_RNA_SCR_3color_LiveSR_Zstack_Off_085.mat,250,BRD4_label_z
Promoter_RNA_SCR_3color_LiveSR_Zstack_Off_086.mat,250,BRD4_label_z
Promoter_RNA_SCR_3color_LiveSR_Zstack_Off_087.mat,250,BRD4_label_z
Promoter_RNA_SCR_3color_LiveSR_Zstack_Off_088.mat,250,BRD4_label_z
Promoter_RNA_SCR_3color_LiveSR_Zstack_Off_089.mat,250,BRD4_label_z
Promoter_RNA_SCR_3color_LiveSR_Zstack_Off_090.mat,250,BRD4_label_z
Promoter_RNA_SCR_3color_LiveSR_Zstack_Off_091.mat,250,BRD4_label_z
Promoter_RNA_SCR_3color_LiveSR_Zstack_Off_092.mat,250,BRD4_label_z
Promoter_RNA_SCR_3color_LiveSR_Zstack_Off_093.mat,300,default_300nm
Promoter_RNA_SCR_3color_LiveSR_Zstack_Off_094.mat,300,default_300nm
Promoter_RNA_SCR_3color_LiveSR_Zstack_Off_095.mat,300,default_300nm
Promoter_RNA_SCR_3color_LiveSR_Zstack_Off_096.mat,300,default_300nm
Promoter_RNA_SCR_3color_LiveSR_Zstack_Off_097.mat,300,default_300nm
Promoter_RNA_SCR_3color_LiveSR_Zstack_Off_098.mat,300,default_300nm
Promoter_RNA_SCR_3color_LiveSR_Zstack_Off_099.mat,300,default_300nm
Promoter_RNA_SCR_3color_LiveSR_Zstack_Off_100.mat,300,default_300nm
Promoter_RNA_SCR_3color_LiveSR_Zstack_Off_101.mat,300,default_300nm
Promoter_RNA_SCR_3color_LiveSR_Zstack_Off_102.mat,300,default_300nm
Promoter_RNA_SCR_3color_LiveSR_Zstack_Off_103.mat,300,default_300nm
Promoter_RNA_SCR_3color_LiveSR_Zstack_Off_104.mat,300,default_300nm
Promoter_RNA_SCR_3color_LiveSR_Zstack_Off_105.mat,300,default_300nm
Promoter_RNA_SCR_3color_LiveSR_Zstack_Off_106.mat,300,default_300nm
Promoter_RNA_SCR_3color_LiveSR_Zstack_Off_107.mat,300,default_300nm
Promoter_RNA_SCR_3color_LiveSR_Zstack_Off_108.mat,300,default_300nm
Promoter_RNA_SCR_3color_LiveSR_Zstack_Off_109.mat,300,default_300nm
Promoter_RNA_SCR_3color_LiveSR_Zstack_Off_110.mat,300,default_300nm
Promoter_RNA_SCR_3color_LiveSR_Zstack_Off_111.mat,300,default_300nm
Promoter_RNA_SCR_3color_LiveSR_Zstack_Off_112.mat,300,default_300nm
Promoter_RNA_SCR_3color_LiveSR_Zstack_Off_113.mat,300,default_300nm
Promoter_RNA_SCR_3color_LiveSR_Zstack_Off_114.mat,300,default_300nm
Promoter_RNA_SCR_3color_LiveSR_Zstack_Off_115.mat,300,default_300nm
Promoter_RNA_SCR_3color_LiveSR_Zstack_Off_116.mat,300,default_300nm
Promoter_RNA_SCR_3color_LiveSR_Zstack_Off_117.mat,300,default_300nm
Promoter_RNA_SCR_3color_LiveSR_Zstack_Off_118.mat,300,default_300nm
Promoter_RNA_SCR_3color_LiveSR_Zstack_Off_119.mat,300,default_300nm
Promoter_RNA_SCR_3color_LiveSR_Zstack_Off_120.mat,300,default_300nm
Promoter_RNA_SCR_3color_LiveSR_Zstack_Off_121.mat,300,default_300nm
Promoter_RNA_SCR_3color_LiveSR_Zstack_Off_122.mat,300,default_300nm
Promoter_RNA_SCR_3color_LiveSR_Zstack_Off_123.mat,300,default_300nm
Promoter_RNA_SCR_3color_LiveSR_Zstack_Off_124.mat,300,default_300nm
Promoter_RNA_SCR_3color_LiveSR_Zstack_Off_125.mat,300,default_300nm
Promoter_RNA_SCR_3color_LiveSR_Zstack_Off_126.mat,300,default_300nm
Promoter_RNA_SCR_3color_LiveSR_Zstack_Off_127.mat,300,default_300nm
Promoter_RNA_SCR_3color_LiveSR_Zstack_Off_128.mat,300,default_300nm
Promoter_RNA_SCR_3color_LiveSR_Zstack_Off_129.mat,300,default_300nm
Promoter_RNA_SCR_3color_LiveSR_Zstack_Off_130.mat,300,default_300nm
Promoter_RNA_SCR_3color_LiveSR_Zstack_Off_131.mat,300,default_300nm
Promoter_RNA_SCR_3color_LiveSR_Zstack_Off_132.mat,300,default_300nm
Promoter_RNA_SCR_3color_LiveSR_Zstack_Off_133.mat,300,default_300nm
Promoter_RNA_SCR_3color_LiveSR_Zstack_Off_134.mat,300,default_300nm
Promoter_RNA_SCR_3color_LiveSR_Zstack_Off_135.mat,300,default_300nm
Promoter_RNA_SCR_3color_LiveSR_Zstack_Off_136.mat,300,default_300nm
Promoter_RNA_SCR_3color_LiveSR_Zstack_Off_137.mat,300,default_300nm
Promoter_RNA_SCR_3color_LiveSR_Zstack_Off_138.mat,300,default_300nm
Promoter_RNA_SCR_3color_LiveSR_Zstack_Off_139.mat,300,default_300nm
Promoter_RNA_SCR_3color_LiveSR_Zstack_Off_140.mat,300,default_300nm
Promoter_RNA_SCR_3color_LiveSR_Zstack_Off_141.mat,300,default_300nm
Promoter_RNA_SCR_3color_LiveSR_Zstack_Off_142.mat,300,default_300nm
Promoter_RNA_SCR_3color_LiveSR_Zstack_Off_143.mat,300,default_300nm
Promoter_RNA_SCR_3color_LiveSR_Zstack_Off_144.mat,300,default_300nm
Promoter_RNA_SCR_3color_LiveSR_Zstack_Off_145.mat,300,default_300nm
Promoter_RNA_SCR_3color_LiveSR_Zstack_Off_146.mat,300,default_300nm
Promoter_RNA_SCR_3color_LiveSR_Zstack_Off_147.mat,300,default_300nm
Promoter_RNA_SCR_3color_LiveSR_Zstack_Off_148.mat,300,default_300nm
Promoter_RNA_SCR_3color_LiveSR_Zstack_Off_149.mat,300,default_300nm
Promoter_RNA_SCR_3color_LiveSR_Zstack_Off_150.mat,300,default_300nm
Promoter_RNA_SCR_3color_LiveSR_Zstack_Off_151.mat,300,default_300nm
Promoter_RNA_SCR_3color_LiveSR_Zstack_Off_152.mat,300,default_300nm
Promoter_RNA_SCR_3color_LiveSR_Zstack_Off_153.mat,300,default_300nm
Promoter_RNA_SCR_3color_LiveSR_Zstack_Off_154.mat,300,default_300nm
Promoter_RNA_SCR_3color_LiveSR_Zstack_Off_155.mat,300,default_300nm
Promoter_RNA_SCR_3color_LiveSR_Zstack_Off_156.mat,300,default_300nm
Promoter_RNA_SCR_3color_LiveSR_Zstack_Off_157.mat,300,default_300nm
Promoter_RNA_SCR_3color_LiveSR_Zstack_Off_158.mat,300,default_300nm
Promoter_RNA_SCR_3color_LiveSR_Zstack_Off_159.mat,300,default_300nm
Promoter_RNA_SCR_3color_LiveSR_Zstack_Off_160.mat,300,default_300nm
Promoter_RNA_SCR_3color_LiveSR_Zstack_Off_161.mat,300,default_300nm
Promoter_RNA_SCR_3color_LiveSR_Zstack_Off_162.mat,300,default_300nm
Promoter_RNA_SCR_3color_LiveSR_Zstack_Off_163.mat,300,default_300nm
Promoter_RNA_SCR_3color_LiveSR_Zstack_Off_164.mat,300,default_300nm
Promoter_RNA_SCR_3color_LiveSR_Zstack_Off_165.mat,300,default_300nm
Promoter_RNA_SCR_3color_LiveSR_Zstack_Off_166.mat,300,default_300nm
Promoter_RNA_SCR_3color_LiveSR_Zstack_Off_167.mat,300,default_300nm
Promoter_RNA_SCR_3color_LiveSR_Zstack_Off_168.mat,300,default_300nm
Promoter_RNA_SCR_3color_LiveSR_Zstack_Off_169.mat,300,default_300nm
Promoter_RNA_SCR_3color_LiveSR_Zstack_Off_170.mat,300,default_300nm
Promoter_RNA_SCR_3color_LiveSR_Zstack_Off_171.mat,300,default_300nm
Promoter_RNA_SCR_3color_LiveSR_Zstack_Off_172.mat,300,default_300nm
Promoter_RNA_SCR_3color_LiveSR_Zstack_Off_173.mat,300,default_300nm
Promoter_RNA_SCR_3color_LiveSR_Zstack_Off_174.mat,300,default_300nm
Promoter_RNA_SCR_3color_LiveSR_Zstack_Off_175.mat,300,default_300nm
Promoter_RNA_SCR_3color_LiveSR_Zstack_Off_176.mat,300,default_300nm
Promoter_RNA_SCR_3color_LiveSR_Zstack_Off_177.mat,300,default_300nm
Promoter_RNA_SCR_3color_LiveSR_Zstack_Off_178.mat,300,default_300nm
Promoter_RNA_SCR_3color_LiveSR_Zstack_Off_179.mat,300,default_300nm
Promoter_RNA_SCR_3color_LiveSR_Zstack_Off_180.mat,300,default_300nm
Promoter_RNA_SCR_3color_LiveSR_Zstack_Off_181.mat,300,default_300nm
Promoter_RNA_SCR_3color_LiveSR_Zstack_Off_182.mat,300,default_300nm
Promoter_RNA_SCR_3color_LiveSR_Zstack_Off_183.mat,300,default_300nm
Promoter_RNA_SCR_3color_LiveSR_Zstack_Off_184.mat,300,default_300nm
Promoter_RNA_SCR_3color_LiveSR_Zstack_Off_185.mat,300,default_300nm
Promoter_RNA_SCR_3color_LiveSR_Zstack_Off_186.mat,300,default_300nm
Promoter_RNA_SCR_3color_LiveSR_Zstack_Off_187.mat,300,default_300nm
Promoter_RNA_SCR_3color_LiveSR_Zstack_Off_188.mat,300,default_300nm
Promoter_RNA_SCR_3color_LiveSR_Zstack_Off_189.mat,300,default_300nm
Promoter_RNA_SCR_3color_LiveSR_Zstack_Off_190.mat,300,default_300nm
Promoter_RNA_SCR_3color_LiveSR_Zstack_Off_191.mat,300,default_300nm
Promoter_RNA_SCR_3color_LiveSR_Zstack_Off_192.mat,300,default_300nm
Promoter_RNA_SCR_3color_LiveSR_Zstack_Off_193.mat,300,default_300nm
Promoter_RNA_SCR_3color_LiveSR_Zstack_Off_194.mat,300,default_300nm
Promoter_RNA_SCR_3color_LiveSR_Zstack_Off_195.mat,300,default_300nm
Promoter_RNA_SCR_3color_LiveSR_Zstack_Off_196.mat,300,default_300nm
Promoter_RNA_SCR_3color_LiveSR_Zstack_Off_197.mat,300,default_300nm
Promoter_RNA_SCR_3color_LiveSR_Zstack_Off_198.mat,300,default_300nm
Promoter_RNA_SCR_3color_LiveSR_Zstack_Off_199.mat,300,default_300nm
Promoter_RNA_SCR_3color_LiveSR_Zstack_Off_200.mat,300,default_300nm
Promoter_RNA_SCR_3color_LiveSR_Zstack_Off_201.mat,300,default_300nm
Promoter_RNA_SCR_3color_LiveSR_Zstack_Off_202.mat,300,default_300nm
Promoter_RNA_SCR_3color_LiveSR_Zstack_Off_203.mat,300,default_300nm
Promoter_RNA_SCR_3color_LiveSR_Zstack_Off_204.mat,300,default_300nm
Promoter_RNA_SCR_3color_LiveSR_Zstack_Off_205.mat,300,default_300nm
Promoter_RNA_SCR_3color_LiveSR_Zstack_Off_206.mat,300,default_300nm
Promoter_RNA_SCR_3color_LiveSR_Zstack_Off_207.mat,300,default_300nm
Promoter_RNA_SCR_3color_LiveSR_Zstack_Off_208.mat,300,default_300nm
Promoter_RNA_SCR_3color_LiveSR_Zstack_Off_209.mat,300,default_300nm
Promoter_RNA_SCR_3color_LiveSR_Zstack_Off_210.mat,300,default_300nm
Promoter_RNA_SCR_3color_LiveSR_Zstack_Off_211.mat,300,default_300nm
Promoter_RNA_SCR_3color_LiveSR_Zstack_Off_212.mat,300,default_300nm
Promoter_RNA_SCR_3color_LiveSR_Zstack_Off_213.mat,300,default_300nm
Promoter_RNA_SCR_3color_LiveSR_Zstack_Off_214.mat,300,default_300nm
Promoter_RNA_SCR_3color_LiveSR_Zstack_Off_215.mat,300,default_300nm
Promoter_RNA_SCR_3color_LiveSR_Zstack_Off_216.mat,300,default_300nm
Promoter_RNA_SCR_3color_LiveSR_Zstack_Off_217.mat,300,default_300nm
Promoter_RNA_SCR_3color_LiveSR_Zstack_Off_218.mat,300,default_300nm
Promoter_RNA_SCR_3color_LiveSR_Zstack_Off_219.mat,300,default_300nm
Promoter_RNA_SCR_3color_LiveSR_Zstack_Off_220.mat,300,default_300nm
Promoter_RNA_SCR_3color_LiveSR_Zstack_Off_221.mat,300,default_300nm
